i1,j1,i2,j2
0,0,0,1
0,4,0,5
0,6,0,7
0,14,0,13
0,16,0,17
0,26,1,26
0,34,1,34
0,40,1,40
0,42,0,41
0,48,0,47
0,50,0,51
0,62,0,61
0,66,0,65
0,70,1,70
0,72,1,72
0,78,1,78
0,80,0,79
0,82,0,83
0,84,1,84
0,88,0,89
0,90,0,91
0,96,0,95
0,104,0,105
0,114,0,115
0,120,1,120
0,126,0,127
0,128,1,128
0,132,0,133
0,136,1,136
0,140,0,139
0,142,1,142
0,144,0,145
0,148,1,148
0,154,0,155
0,156,0,157
0,158,0,159
0,174,0,173
0,178,0,179
0,180,0,181
0,182,1,182
0,184,0,183
0,192,0,193
0,196,0,195
0,198,0,197
1,1,1,2
1,5,1,6
1,11,2,11
1,13,1,12
1,27,1,28
1,31,0,31
1,33,2,33
1,43,2,43
1,45,2,45
1,55,2,55
1,57,2,57
1,59,0,59
1,67,2,67
1,75,1,76
1,81,1,80
1,89,1,90
1,93,1,94
1,105,1,104
1,111,1,112
1,123,2,123
1,125,1,126
1,135,2,135
1,141,1,140
1,143,1,144
1,151,2,151
1,153,0,153
1,155,2,155
1,163,2,163
1,165,1,164
1,171,1,170
1,181,1,180
1,185,1,184
1,197,1,196
2,0,3,0
2,2,3,2
2,6,2,7
2,8,1,8
2,14,2,15
2,16,2,17
2,24,2,23
2,26,2,27
2,28,2,29
2,36,1,36
2,42,3,42
2,46,3,46
2,48,1,48
2,50,1,50
2,60,3,60
2,62,2,63
2,68,3,68
2,74,2,73
2,78,3,78
2,86,3,86
2,92,2,91
2,96,2,97
2,98,3,98
2,104,3,104
2,110,3,110
2,112,2,113
2,116,3,116
2,118,2,117
2,120,2,121
2,126,2,125
2,130,1,130
2,134,1,134
2,136,2,137
2,142,3,142
2,146,1,146
2,150,3,150
2,152,2,153
2,158,2,159
2,160,2,161
2,164,3,164
2,166,2,167
2,172,1,172
2,174,3,174
2,176,3,176
2,186,1,186
2,190,1,190
2,194,1,194
3,5,3,6
3,7,4,7
3,13,3,12
3,17,3,16
3,21,2,21
3,25,3,24
3,31,4,31
3,35,4,35
3,39,3,40
3,49,4,49
3,59,2,59
3,61,3,62
3,65,4,65
3,67,4,67
3,69,4,69
3,71,3,72
3,73,4,73
3,75,2,75
3,77,2,77
3,81,4,81
3,89,3,90
3,93,3,92
3,99,4,99
3,101,3,100
3,103,2,103
3,105,3,106
3,111,3,112
3,113,4,113
3,119,3,118
3,121,4,121
3,125,3,124
3,129,4,129
3,131,4,131
3,139,3,138
3,141,2,141
3,145,4,145
3,153,3,154
3,155,3,156
3,161,3,162
3,163,4,163
3,171,2,171
3,181,4,181
3,185,2,185
3,187,3,186
3,189,2,189
3,191,3,192
3,193,3,194
3,195,2,195
3,197,3,198
4,2,4,1
4,8,3,8
4,10,5,10
4,16,4,15
4,18,4,19
4,24,5,24
4,38,4,39
4,40,4,41
4,48,3,48
4,50,5,50
4,54,3,54
4,64,4,63
4,80,4,79
4,84,3,84
4,86,4,85
4,92,5,92
4,100,5,100
4,102,5,102
4,108,4,109
4,110,4,111
4,114,4,115
4,126,5,126
4,134,5,134
4,140,4,141
4,150,4,149
4,152,4,153
4,156,4,157
4,160,4,161
4,170,3,170
4,178,3,178
4,180,4,179
4,182,5,182
4,184,3,184
4,188,5,188
4,194,4,193
4,196,4,197
5,1,6,1
5,3,5,4
5,9,4,9
5,19,5,18
5,21,5,22
5,23,6,23
5,25,6,25
5,27,5,28
5,31,5,32
5,43,5,44
5,45,5,46
5,47,4,47
5,49,5,48
5,55,4,55
5,59,5,60
5,69,5,70
5,71,6,71
5,75,5,76
5,77,5,78
5,83,4,83
5,85,5,84
5,89,5,90
5,97,5,96
5,105,5,106
5,109,5,110
5,111,6,111
5,119,5,120
5,121,6,121
5,125,5,124
5,129,5,128
5,135,5,136
5,137,6,137
5,145,5,146
5,151,6,151
5,155,5,154
5,157,5,158
5,159,4,159
5,161,6,161
5,163,5,164
5,165,5,166
5,169,4,169
5,171,5,170
5,179,5,178
5,185,4,185
5,193,6,193
5,195,6,195
5,197,6,197
6,2,7,2
6,4,6,5
6,6,6,7
6,8,5,8
6,10,7,10
6,18,7,18
6,30,6,31
6,38,6,37
6,40,6,41
6,42,7,42
6,44,6,45
6,54,5,54
6,56,6,55
6,58,5,58
6,60,6,61
6,64,6,65
6,66,6,67
6,70,6,69
6,76,7,76
6,78,6,79
6,86,6,87
6,88,5,88
6,94,6,93
6,98,5,98
6,104,6,105
6,108,7,108
6,110,6,109
6,112,6,113
6,116,7,116
6,122,7,122
6,132,6,133
6,134,6,135
6,136,7,136
6,148,6,149
6,156,5,156
6,158,6,159
6,162,7,162
6,164,6,165
6,166,6,167
6,172,6,173
6,176,6,177
6,186,5,186
6,190,7,190
6,198,7,198
7,3,7,4
7,7,7,6
7,9,6,9
7,13,8,13
7,15,6,15
7,17,7,16
7,25,7,26
7,29,6,29
7,31,7,32
7,37,7,36
7,39,6,39
7,43,8,43
7,45,7,46
7,49,8,49
7,51,6,51
7,55,7,54
7,59,7,60
7,67,7,68
7,69,8,69
7,75,6,75
7,79,8,79
7,81,7,82
7,83,7,84
7,85,6,85
7,91,6,91
7,93,7,92
7,95,7,94
7,97,7,96
7,113,8,113
7,115,8,115
7,125,7,126
7,133,7,134
7,141,7,142
7,149,7,150
7,155,6,155
7,167,8,167
7,173,7,174
7,179,6,179
7,181,7,182
7,185,7,184
7,193,7,194
7,195,8,195
7,197,7,196
8,6,9,6
8,8,7,8
8,10,9,10
8,12,9,12
8,16,8,15
8,20,8,21
8,22,7,22
8,24,8,23
8,28,8,29
8,30,9,30
8,40,8,39
8,42,9,42
8,52,7,52
8,54,8,53
8,56,9,56
8,60,8,61
8,72,8,73
8,78,9,78
8,80,8,81
8,82,8,83
8,94,8,93
8,98,7,98
8,100,9,100
8,102,8,103
8,104,9,104
8,110,9,110
8,112,7,112
8,116,8,117
8,120,8,121
8,124,9,124
8,126,9,126
8,130,8,129
8,134,8,135
8,138,8,139
8,144,8,145
8,150,8,151
8,154,9,154
8,156,8,155
8,158,8,157
8,162,9,162
8,164,8,165
8,168,9,168
8,170,9,170
8,178,9,178
8,180,7,180
8,182,8,181
8,184,9,184
8,190,9,190
8,192,8,193
9,3,9,2
9,7,10,7
9,13,10,13
9,21,10,21
9,35,9,34
9,37,10,37
9,53,10,53
9,59,9,60
9,61,9,62
9,69,9,70
9,75,9,76
9,79,10,79
9,81,9,80
9,89,9,90
9,93,9,92
9,95,9,94
9,97,10,97
9,101,9,102
9,107,10,107
9,109,9,108
9,113,9,114
9,121,9,122
9,125,10,125
9,127,9,128
9,129,10,129
9,133,9,134
9,135,9,136
9,137,8,137
9,139,9,140
9,141,8,141
9,145,10,145
9,147,9,148
9,155,10,155
9,157,10,157
9,161,10,161
9,173,8,173
9,179,10,179
9,183,10,183
9,189,9,188
9,193,9,194
10,0,10,1
10,4,9,4
10,8,10,9
10,12,11,12
10,20,9,20
10,24,10,25
10,26,10,27
10,30,10,29
10,40,10,41
10,42,11,42
10,44,11,44
10,50,11,50
10,58,11,58
10,60,10,59
10,62,10,63
10,64,11,64
10,76,10,77
10,82,10,83
10,86,11,86
10,88,9,88
10,96,11,96
10,100,10,101
10,102,10,103
10,104,11,104
10,110,11,110
10,112,10,113
10,114,10,115
10,118,11,118
10,120,9,120
10,122,10,123
10,128,10,127
10,136,10,137
10,146,11,146
10,148,11,148
10,150,10,151
10,160,10,159
10,164,11,164
10,172,9,172
10,174,10,175
10,178,11,178
10,180,10,181
10,198,11,198
11,1,11,0
11,5,10,5
11,9,12,9
11,11,10,11
11,19,12,19
11,27,11,26
11,29,11,28
11,31,12,31
11,33,10,33
11,35,10,35
11,45,11,46
11,47,10,47
11,49,12,49
11,53,11,54
11,55,11,56
11,67,11,68
11,69,11,70
11,77,11,78
11,81,10,81
11,89,10,89
11,95,10,95
11,97,11,98
11,99,10,99
11,103,12,103
11,109,12,109
11,117,10,117
11,119,12,119
11,121,12,121
11,125,11,124
11,133,11,132
11,135,11,136
11,141,12,141
11,151,12,151
11,153,11,154
11,155,11,156
11,159,12,159
11,165,11,166
11,169,12,169
11,171,12,171
11,173,11,174
11,177,12,177
11,183,12,183
11,185,11,186
11,187,10,187
11,193,12,193
11,195,11,196
12,2,12,1
12,10,13,10
12,22,12,23
12,26,12,25
12,28,13,28
12,32,13,32
12,34,11,34
12,38,12,37
12,40,11,40
12,44,13,44
12,48,11,48
12,54,13,54
12,60,11,60
12,62,13,62
12,64,12,63
12,70,13,70
12,72,11,72
12,74,11,74
12,76,13,76
12,84,11,84
12,90,11,90
12,94,13,94
12,96,12,95
12,104,13,104
12,108,13,108
12,110,12,111
12,112,12,113
12,116,11,116
12,120,13,120
12,124,12,123
12,126,11,126
12,130,12,131
12,134,12,135
12,140,12,139
12,142,13,142
12,156,12,157
12,168,11,168
12,170,13,170
12,172,12,173
12,174,12,175
12,178,12,179
12,184,12,185
12,190,12,191
12,194,12,195
13,1,13,0
13,3,13,2
13,5,13,6
13,9,13,8
13,11,13,12
13,13,13,14
13,21,13,22
13,23,13,24
13,31,14,31
13,33,14,33
13,39,14,39
13,41,13,40
13,47,13,48
13,51,13,50
13,53,14,53
13,65,12,65
13,67,13,66
13,69,13,68
13,71,13,72
13,73,14,73
13,75,12,75
13,85,12,85
13,89,12,89
13,91,12,91
13,99,14,99
13,103,14,103
13,111,13,110
13,115,14,115
13,119,14,119
13,121,13,122
13,125,12,125
13,127,13,126
13,129,13,128
13,133,12,133
13,135,13,136
13,139,13,138
13,149,13,148
13,151,14,151
13,157,14,157
13,159,14,159
13,161,13,162
13,169,13,168
13,171,14,171
13,177,13,178
13,189,14,189
13,191,13,190
13,193,13,192
13,197,14,197
14,2,15,2
14,4,14,5
14,12,14,13
14,16,14,17
14,28,14,29
14,34,14,35
14,36,14,37
14,44,15,44
14,52,15,52
14,54,15,54
14,64,13,64
14,68,14,67
14,74,14,75
14,84,14,83
14,90,14,89
14,96,14,95
14,102,15,102
14,112,14,111
14,120,15,120
14,122,14,121
14,124,13,124
14,128,15,128
14,130,13,130
14,132,15,132
14,150,13,150
14,158,15,158
14,162,14,161
14,172,14,173
14,182,14,181
15,1,14,1
15,3,15,4
15,17,15,18
15,31,15,32
15,39,15,40
15,41,15,42
15,43,14,43
15,47,15,46
15,53,16,53
15,55,16,55
15,57,16,57
15,63,14,63
15,65,14,65
15,67,16,67
15,69,14,69
15,71,15,72
15,73,16,73
15,77,15,78
15,81,16,81
15,87,14,87
15,91,16,91
15,93,16,93
15,95,16,95
15,97,15,96
15,99,15,100
15,101,16,101
15,107,15,106
15,109,16,109
15,123,15,122
15,127,14,127
15,129,16,129
15,131,16,131
15,141,15,142
15,147,15,148
15,151,15,150
15,155,15,156
15,163,15,164
15,165,15,166
15,169,14,169
15,177,15,176
15,179,14,179
15,187,14,187
15,193,15,194
15,197,15,196
16,4,16,5
16,8,15,8
16,10,17,10
16,14,15,14
16,16,16,17
16,20,16,19
16,24,16,25
16,38,16,39
16,40,17,40
16,44,16,43
16,62,15,62
16,64,16,63
16,66,15,66
16,70,16,71
16,72,17,72
16,78,16,77
16,82,16,83
16,88,17,88
16,90,17,90
16,94,17,94
16,102,16,103
16,110,16,111
16,118,17,118
16,120,16,121
16,128,16,127
16,132,17,132
16,138,17,138
16,140,16,141
16,152,15,152
16,154,15,154
16,156,16,157
16,158,16,159
16,162,16,161
16,168,17,168
16,174,16,175
16,178,16,179
16,180,15,180
16,182,15,182
16,184,16,185
16,186,15,186
16,188,16,187
16,190,16,189
16,198,16,199
17,5,17,6
17,9,18,9
17,13,18,13
17,15,17,14
17,19,18,19
17,27,17,28
17,33,17,34
17,41,18,41
17,43,17,42
17,45,17,44
17,47,16,47
17,49,17,48
17,51,17,50
17,61,17,60
17,65,16,65
17,67,17,66
17,71,17,70
17,75,18,75
17,79,18,79
17,81,17,82
17,85,18,85
17,87,17,86
17,91,17,92
17,97,16,97
17,103,18,103
17,107,18,107
17,111,17,112
17,115,17,114
17,119,18,119
17,121,17,120
17,123,18,123
17,129,18,129
17,131,17,130
17,143,18,143
17,149,18,149
17,155,17,156
17,157,17,158
17,163,16,163
17,165,16,165
17,173,18,173
17,179,17,180
17,181,18,181
17,183,17,182
17,189,17,188
17,191,17,192
17,193,16,193
17,197,17,198
18,0,19,0
18,2,18,3
18,4,18,5
18,8,17,8
18,22,18,21
18,24,18,25
18,26,17,26
18,28,18,27
18,44,18,43
18,46,17,46
18,48,19,48
18,52,18,53
18,54,18,55
18,58,19,58
18,66,19,66
18,68,18,67
18,72,18,71
18,74,18,73
18,78,19,78
18,82,18,83
18,96,17,96
18,98,17,98
18,100,18,99
18,102,17,102
18,104,18,105
18,106,19,106
18,108,18,109
18,112,18,111
18,114,18,113
18,126,19,126
18,136,18,137
18,138,19,138
18,140,18,141
18,146,19,146
18,148,19,148
18,150,19,150
18,152,17,152
18,164,17,164
18,172,18,171
18,178,18,179
18,184,18,185
18,192,19,192
18,194,17,194
19,5,20,5
19,23,19,22
19,25,19,26
19,31,18,31
19,35,19,36
19,55,20,55
19,77,19,76
19,81,19,82
19,83,20,83
19,87,19,88
19,89,18,89
19,91,18,91
19,95,19,96
19,99,19,98
19,101,20,101
19,105,20,105
19,107,19,108
19,109,19,110
19,117,19,118
19,121,19,120
19,123,19,124
19,127,19,128
19,133,20,133
19,137,19,136
19,139,20,139
19,143,19,142
19,145,19,144
19,157,19,158
19,159,19,160
19,161,18,161
19,163,19,162
19,165,20,165
19,167,19,166
19,169,19,168
19,175,20,175
19,177,19,176
19,179,19,180
19,181,20,181
19,183,18,183
19,189,18,189
19,191,19,190
19,193,19,194
20,2,20,3
20,12,20,13
20,22,20,21
20,26,21,26
20,32,20,31
20,36,20,35
20,40,20,41
20,46,20,47
20,62,21,62
20,64,21,64
20,66,21,66
20,74,20,75
20,78,21,78
20,80,19,80
20,82,21,82
20,86,20,85
20,100,20,99
20,106,20,107
20,118,20,119
20,122,20,123
20,126,20,127
20,142,20,143
20,148,20,147
20,152,19,152
20,158,20,159
20,160,20,161
20,164,20,163
20,166,21,166
20,168,21,168
20,172,20,173
20,180,21,180
20,186,20,187
20,188,19,188
20,196,20,197
21,5,21,6
21,9,22,9
21,13,21,12
21,23,20,23
21,25,22,25
21,31,21,30
21,35,22,35
21,37,21,36
21,39,22,39
21,41,21,42
21,43,21,44
21,49,22,49
21,55,21,54
21,57,22,57
21,67,22,67
21,77,22,77
21,85,21,84
21,97,21,96
21,103,20,103
21,109,21,110
21,111,21,112
21,117,21,118
21,123,21,124
21,125,21,126
21,127,22,127
21,129,20,129
21,131,22,131
21,135,21,136
21,139,21,140
21,149,21,148
21,153,21,152
21,165,21,164
21,171,22,171
21,175,21,176
21,177,21,178
21,179,20,179
21,189,20,189
21,191,21,192
22,2,22,3
22,4,21,4
22,6,23,6
22,12,23,12
22,24,23,24
22,26,23,26
22,38,22,37
22,40,22,41
22,56,22,55
22,66,23,66
22,68,23,68
22,70,22,69
22,84,23,84
22,96,22,95
22,98,21,98
22,100,22,99
22,110,22,111
22,112,22,113
22,114,21,114
22,116,22,117
22,120,22,121
22,126,23,126
22,140,22,141
22,144,22,143
22,146,22,145
22,148,22,147
22,150,21,150
22,158,23,158
22,160,22,161
22,162,21,162
22,164,22,163
22,168,23,168
22,174,22,175
22,178,23,178
22,186,21,186
22,188,22,189
22,190,22,191
22,192,22,193
22,194,23,194
22,196,22,197
22,198,21,198
23,1,23,2
23,3,23,4
23,5,22,5
23,19,22,19
23,27,23,28
23,37,24,37
23,43,24,43
23,57,23,56
23,65,24,65
23,69,24,69
23,77,24,77
23,81,23,82
23,87,24,87
23,89,23,90
23,97,23,98
23,99,24,99
23,101,23,102
23,105,23,106
23,107,22,107
23,111,24,111
23,117,23,116
23,121,23,122
23,123,22,123
23,125,22,125
23,129,22,129
23,133,23,134
23,137,22,137
23,141,23,140
23,145,23,146
23,149,22,149
23,151,23,150
23,153,23,152
23,155,22,155
23,161,23,162
23,173,23,174
23,187,23,188
23,189,23,190
23,191,23,192
23,199,22,199
24,2,25,2
24,18,25,18
24,22,23,22
24,24,24,25
24,30,24,31
24,32,25,32
24,40,24,41
24,48,24,49
24,52,25,52
24,62,24,63
24,70,24,71
24,72,24,73
24,74,23,74
24,76,23,76
24,80,25,80
24,82,25,82
24,86,25,86
24,92,24,91
24,94,23,94
24,100,24,101
24,118,24,117
24,120,24,119
24,122,24,123
24,124,23,124
24,128,24,127
24,132,25,132
24,134,25,134
24,136,24,137
24,138,25,138
24,140,24,139
24,142,24,143
24,144,24,145
24,148,24,147
24,150,24,149
24,152,25,152
24,154,24,153
24,156,23,156
24,164,24,165
24,168,25,168
24,180,25,180
24,182,23,182
24,184,24,183
24,188,25,188
24,190,24,189
24,192,25,192
24,194,24,193
25,9,26,9
25,17,26,17
25,23,24,23
25,29,25,30
25,37,26,37
25,47,26,47
25,57,26,57
25,59,24,59
25,61,25,62
25,63,25,64
25,67,25,66
25,73,25,74
25,75,24,75
25,79,24,79
25,83,25,84
25,85,24,85
25,89,25,90
25,99,26,99
25,101,25,100
25,115,25,114
25,117,25,116
25,119,26,119
25,123,26,123
25,127,25,126
25,131,26,131
25,141,24,141
25,145,25,146
25,149,25,148
25,157,24,157
25,161,25,162
25,171,25,170
25,179,26,179
25,181,25,182
25,189,26,189
25,195,24,195
25,197,25,196
26,4,26,5
26,8,27,8
26,10,26,11
26,16,26,15
26,18,27,18
26,26,26,27
26,28,27,28
26,30,26,31
26,34,27,34
26,36,26,35
26,38,26,39
26,50,27,50
26,58,26,59
26,78,25,78
26,86,26,87
26,92,26,91
26,94,27,94
26,96,27,96
26,98,27,98
26,100,27,100
26,104,26,105
26,106,27,106
26,108,26,109
26,110,27,110
26,116,26,115
26,122,27,122
26,124,25,124
26,128,26,127
26,130,26,129
26,134,26,135
26,138,27,138
26,142,25,142
26,144,26,143
26,154,27,154
26,162,26,163
26,166,26,167
26,170,26,169
26,172,26,173
26,174,26,175
26,180,26,181
26,182,26,183
26,186,27,186
26,192,26,191
26,196,26,195
27,1,28,1
27,3,26,3
27,5,27,6
27,11,28,11
27,21,27,22
27,25,28,25
27,41,27,42
27,47,27,48
27,55,26,55
27,61,27,62
27,67,28,67
27,71,27,72
27,73,27,74
27,77,27,76
27,79,26,79
27,81,27,82
27,93,27,92
27,95,28,95
27,99,28,99
27,101,28,101
27,103,26,103
27,121,28,121
27,125,26,125
27,127,27,128
27,129,28,129
27,131,28,131
27,137,28,137
27,147,28,147
27,151,28,151
27,155,28,155
27,159,26,159
27,167,27,168
27,171,27,172
27,175,27,176
27,183,27,182
27,189,27,190
27,193,27,194
27,197,28,197
28,0,27,0
28,8,29,8
28,10,29,10
28,12,28,13
28,16,27,16
28,22,28,23
28,28,28,27
28,30,29,30
28,32,28,33
28,34,28,35
28,38,27,38
28,42,28,41
28,44,29,44
28,46,27,46
28,48,28,49
28,50,28,51
28,62,28,63
28,68,29,68
28,78,29,78
28,82,29,82
28,84,27,84
28,90,28,89
28,94,28,93
28,100,29,100
28,110,29,110
28,114,28,115
28,116,28,117
28,118,28,119
28,140,29,140
28,142,27,142
28,148,29,148
28,150,27,150
28,164,28,165
28,174,29,174
28,176,28,175
28,182,29,182
28,184,28,185
28,186,28,187
28,188,27,188
28,190,29,190
28,192,28,191
28,194,29,194
28,196,27,196
29,5,29,4
29,7,30,7
29,11,30,11
29,17,30,17
29,21,29,20
29,25,30,25
29,29,29,28
29,39,29,40
29,43,29,42
29,47,28,47
29,51,29,50
29,53,29,54
29,55,28,55
29,59,29,60
29,73,29,74
29,75,30,75
29,81,29,80
29,85,30,85
29,87,29,88
29,91,29,92
29,95,29,94
29,99,30,99
29,101,30,101
29,105,28,105
29,107,29,108
29,111,30,111
29,113,29,114
29,115,29,116
29,117,30,117
29,119,29,120
29,123,29,122
29,127,30,127
29,129,29,130
29,133,29,134
29,135,29,136
29,139,28,139
29,149,30,149
29,151,29,150
29,165,29,166
29,167,30,167
29,169,29,170
29,171,29,172
29,177,29,178
29,179,28,179
29,187,29,188
29,199,30,199
30,4,31,4
30,8,31,8
30,10,31,10
30,20,30,19
30,22,30,21
30,26,31,26
30,28,31,28
30,30,30,29
30,34,30,33
30,38,30,39
30,40,30,41
30,44,31,44
30,48,31,48
30,52,30,53
30,54,31,54
30,56,30,55
30,68,30,69
30,70,30,71
30,76,30,77
30,80,31,80
30,86,30,87
30,90,30,91
30,96,29,96
30,104,30,105
30,108,30,109
30,114,30,113
30,124,30,125
30,126,29,126
30,128,30,129
30,130,31,130
30,134,30,135
30,138,30,137
30,140,30,141
30,144,30,143
30,148,31,148
30,156,30,157
30,170,30,169
30,172,30,173
30,178,31,178
30,192,29,192
30,194,30,195
30,198,30,197
31,3,32,3
31,5,32,5
31,13,31,14
31,19,32,19
31,23,32,23
31,43,32,43
31,51,32,51
31,57,31,58
31,61,31,62
31,65,30,65
31,71,31,70
31,79,32,79
31,81,31,82
31,85,31,86
31,91,31,92
31,97,30,97
31,107,32,107
31,117,31,116
31,119,31,120
31,125,31,124
31,127,31,128
31,131,31,132
31,133,31,134
31,137,31,136
31,141,31,142
31,145,31,146
31,157,31,156
31,159,31,160
31,165,31,166
31,173,32,173
31,177,32,177
31,183,31,184
31,199,31,198
32,6,33,6
32,12,32,11
32,14,32,13
32,18,33,18
32,20,33,20
32,24,33,24
32,32,32,33
32,36,33,36
32,48,32,47
32,54,32,55
32,60,32,59
32,62,32,61
32,64,31,64
32,68,32,69
32,70,33,70
32,72,31,72
32,74,31,74
32,76,32,77
32,80,33,80
32,84,32,83
32,86,33,86
32,88,32,89
32,90,31,90
32,92,32,91
32,96,32,95
32,98,33,98
32,100,32,99
32,110,32,111
32,112,32,113
32,126,33,126
32,128,33,128
32,130,32,131
32,138,32,139
32,148,32,147
32,150,32,151
32,152,32,153
32,154,31,154
32,160,32,161
32,170,33,170
32,172,31,172
32,186,32,185
32,188,31,188
32,190,32,191
32,194,32,195
33,5,34,5
33,7,33,8
33,9,33,10
33,13,34,13
33,23,34,23
33,27,33,28
33,29,32,29
33,31,33,30
33,33,33,34
33,35,32,35
33,43,33,42
33,47,33,46
33,49,34,49
33,53,33,54
33,67,34,67
33,71,34,71
33,81,34,81
33,85,34,85
33,91,33,90
33,93,32,93
33,97,34,97
33,99,34,99
33,103,33,104
33,117,33,118
33,119,34,119
33,131,33,132
33,141,32,141
33,149,33,150
33,155,32,155
33,159,34,159
33,163,33,164
33,167,33,168
33,169,34,169
33,179,34,179
33,181,34,181
33,187,32,187
33,197,33,196
33,199,34,199
34,2,35,2
34,8,35,8
34,12,34,11
34,24,35,24
34,28,34,29
34,32,33,32
34,36,34,37
34,40,34,41
34,44,33,44
34,46,35,46
34,50,35,50
34,56,33,56
34,64,34,65
34,66,35,66
34,72,34,73
34,76,35,76
34,84,33,84
34,100,35,100
34,102,34,103
34,108,34,107
34,112,34,113
34,114,34,115
34,116,34,117
34,122,35,122
34,124,34,123
34,138,34,139
34,144,35,144
34,146,34,147
34,150,34,149
34,152,34,153
34,156,33,156
34,158,35,158
34,162,35,162
34,168,35,168
34,170,34,171
34,174,34,173
34,176,35,176
34,178,35,178
34,186,34,185
34,192,35,192
34,194,35,194
34,198,33,198
35,7,34,7
35,9,35,10
35,11,36,11
35,19,35,20
35,31,34,31
35,33,34,33
35,35,35,36
35,37,35,38
35,39,34,39
35,43,34,43
35,45,34,45
35,53,35,52
35,55,35,54
35,57,36,57
35,61,35,62
35,63,34,63
35,69,36,69
35,73,35,72
35,75,36,75
35,79,35,80
35,83,36,83
35,89,35,90
35,93,35,94
35,97,35,98
35,101,35,102
35,105,34,105
35,107,36,107
35,109,35,110
35,111,36,111
35,131,36,131
35,133,35,134
35,135,36,135
35,139,35,140
35,145,35,146
35,147,35,148
35,151,34,151
35,153,35,152
35,155,34,155
35,157,35,156
35,161,35,160
35,163,35,164
35,165,36,165
35,169,35,170
35,171,35,172
35,175,35,174
35,179,35,180
35,191,36,191
35,197,34,197
36,0,36,1
36,22,35,22
36,30,35,30
36,34,36,33
36,42,35,42
36,50,36,51
36,52,36,53
36,54,37,54
36,66,36,67
36,78,36,79
36,80,37,80
36,84,35,84
36,90,36,89
36,102,36,103
36,106,37,106
36,112,37,112
36,122,37,122
36,126,37,126
36,136,36,137
36,144,36,145
36,150,36,151
36,154,36,153
36,160,37,160
36,162,36,161
36,174,37,174
36,184,36,185
36,196,37,196
36,198,36,199
37,3,37,4
37,5,38,5
37,11,38,11
37,17,37,18
37,21,37,20
37,23,38,23
37,35,36,35
37,37,37,36
37,47,38,47
37,67,37,68
37,73,37,74
37,83,38,83
37,87,36,87
37,89,38,89
37,99,37,100
37,109,38,109
37,115,37,116
37,121,37,120
37,125,38,125
37,127,37,128
37,137,37,136
37,141,38,141
37,149,38,149
37,155,37,154
37,159,38,159
37,169,37,170
37,171,37,172
37,177,37,178
37,183,37,184
37,185,37,186
37,187,38,187
37,191,38,191
37,197,38,197
38,2,38,3
38,6,38,7
38,20,38,19
38,22,37,22
38,24,39,24
38,26,37,26
38,30,37,30
38,32,39,32
38,40,38,41
38,42,38,43
38,50,39,50
38,60,37,60
38,62,38,63
38,64,37,64
38,66,38,67
38,70,39,70
38,78,38,79
38,88,37,88
38,96,38,95
38,98,37,98
38,102,38,103
38,104,38,105
38,108,38,107
38,112,38,113
38,120,39,120
38,122,38,121
38,124,39,124
38,126,38,127
38,128,38,129
38,132,38,131
38,146,38,145
38,148,39,148
38,152,38,151
38,158,39,158
38,160,38,161
38,166,38,167
38,168,38,169
38,170,39,170
38,172,38,171
38,174,39,174
38,178,38,177
38,182,38,183
38,194,38,195
38,196,39,196
38,198,38,199
39,1,39,2
39,3,40,3
39,7,40,7
39,15,39,16
39,17,39,18
39,23,40,23
39,25,39,26
39,27,38,27
39,29,38,29
39,37,40,37
39,47,40,47
39,49,40,49
39,53,38,53
39,57,40,57
39,61,39,62
39,65,38,65
39,69,38,69
39,73,39,74
39,77,39,78
39,79,40,79
39,81,40,81
39,85,39,86
39,87,40,87
39,89,39,90
39,93,39,94
39,95,40,95
39,97,39,96
39,99,38,99
39,101,39,102
39,105,39,104
39,109,39,108
39,113,40,113
39,115,39,116
39,125,40,125
39,129,39,128
39,135,39,134
39,137,39,136
39,141,39,142
39,147,40,147
39,151,40,151
39,153,40,153
39,159,39,160
39,161,40,161
39,173,38,173
39,177,40,177
39,179,39,180
39,187,39,186
39,191,39,190
39,193,40,193
40,10,40,11
40,18,40,17
40,20,39,20
40,28,40,29
40,30,39,30
40,32,40,33
40,34,40,35
40,40,41,40
40,42,40,43
40,54,39,54
40,56,39,56
40,60,40,59
40,68,40,69
40,72,40,71
40,78,41,78
40,84,41,84
40,86,41,86
40,90,40,89
40,94,41,94
40,98,41,98
40,104,41,104
40,106,40,105
40,116,41,116
40,122,41,122
40,128,41,128
40,132,40,133
40,134,40,135
40,140,40,141
40,142,40,143
40,146,40,145
40,148,41,148
40,160,40,159
40,164,40,165
40,168,41,168
40,172,40,173
40,174,40,175
40,182,41,182
40,188,39,188
40,192,39,192
40,196,41,196
40,198,40,199
41,5,41,6
41,11,41,12
41,25,42,25
41,27,40,27
41,37,41,36
41,41,41,42
41,45,41,44
41,53,40,53
41,55,41,56
41,61,41,62
41,69,41,70
41,75,41,76
41,81,42,81
41,87,41,88
41,89,42,89
41,95,41,96
41,99,40,99
41,103,41,102
41,109,41,108
41,111,41,110
41,113,41,112
41,119,41,120
41,121,40,121
41,131,41,132
41,139,41,140
41,143,41,142
41,155,41,156
41,157,41,158
41,161,41,162
41,169,42,169
41,171,40,171
41,173,42,173
41,175,41,176
41,181,41,180
41,183,42,183
41,187,40,187
41,189,41,188
41,191,41,190
41,193,41,194
41,199,42,199
42,0,43,0
42,2,41,2
42,6,42,7
42,10,43,10
42,12,42,13
42,14,42,15
42,24,43,24
42,28,41,28
42,32,42,33
42,34,43,34
42,40,42,41
42,42,42,43
42,46,43,46
42,48,43,48
42,50,43,50
42,52,43,52
42,58,42,59
42,62,42,63
42,76,42,77
42,84,43,84
42,86,42,85
42,88,43,88
42,92,42,93
42,94,42,95
42,96,42,97
42,98,43,98
42,104,43,104
42,106,41,106
42,108,42,109
42,112,42,111
42,116,42,117
42,118,43,118
42,120,42,121
42,122,42,123
42,126,42,127
42,138,42,139
42,148,42,149
42,150,42,151
42,152,43,152
42,156,42,157
42,164,42,165
42,174,42,175
42,180,43,180
42,188,42,189
42,192,41,192
42,196,43,196
43,1,44,1
43,3,43,2
43,5,43,6
43,7,43,8
43,9,44,9
43,21,42,21
43,27,44,27
43,37,43,36
43,43,44,43
43,45,44,45
43,51,44,51
43,53,42,53
43,75,42,75
43,77,43,78
43,79,44,79
43,81,43,82
43,89,43,90
43,93,44,93
43,95,44,95
43,99,42,99
43,103,44,103
43,107,43,108
43,119,44,119
43,121,43,122
43,137,44,137
43,139,43,140
43,143,44,143
43,147,43,146
43,153,44,153
43,155,44,155
43,157,44,157
43,159,43,160
43,169,43,170
43,175,43,176
43,189,43,188
44,0,45,0
44,4,43,4
44,8,44,7
44,12,43,12
44,14,43,14
44,20,44,19
44,22,43,22
44,24,45,24
44,40,44,39
44,42,44,41
44,46,45,46
44,58,44,59
44,60,44,61
44,62,44,63
44,64,45,64
44,66,44,67
44,76,43,76
44,86,45,86
44,106,44,107
44,116,44,117
44,122,44,123
44,126,44,125
44,128,43,128
44,130,45,130
44,132,44,133
44,138,45,138
44,146,44,145
44,148,45,148
44,150,44,151
44,160,44,159
44,166,44,167
44,170,44,169
44,174,44,173
44,176,44,177
44,184,44,183
44,194,44,195
45,1,46,1
45,9,45,10
45,13,44,13
45,17,45,18
45,21,46,21
45,23,45,22
45,33,45,34
45,35,44,35
45,37,45,36
45,45,46,45
45,47,46,47
45,53,46,53
45,57,45,58
45,59,45,60
45,63,46,63
45,67,45,66
45,69,45,68
45,75,45,74
45,79,45,80
45,89,46,89
45,95,45,96
45,99,46,99
45,109,45,108
45,113,45,114
45,117,45,116
45,121,45,120
45,127,45,126
45,133,46,133
45,137,46,137
45,143,45,144
45,151,45,150
45,157,45,158
45,159,46,159
45,163,46,163
45,169,46,169
45,175,45,176
45,177,45,178
45,181,44,181
45,185,45,184
45,189,44,189
45,195,45,194
46,4,46,3
46,10,46,11
46,12,45,12
46,18,47,18
46,20,45,20
46,26,47,26
46,28,47,28
46,30,46,31
46,32,47,32
46,36,46,35
46,40,45,40
46,42,46,41
46,50,46,51
46,60,46,59
46,62,47,62
46,64,46,65
46,68,46,67
46,72,46,73
46,76,45,76
46,78,46,77
46,84,45,84
46,86,46,87
46,96,46,97
46,116,47,116
46,118,46,119
46,120,47,120
46,122,46,121
46,128,45,128
46,136,46,135
46,138,46,139
46,142,47,142
46,156,46,157
46,162,47,162
46,168,47,168
46,180,46,179
46,184,46,183
46,188,46,189
46,190,46,191
46,192,45,192
46,194,46,193
46,198,46,199
47,3,48,3
47,7,48,7
47,9,47,8
47,13,47,14
47,17,46,17
47,33,48,33
47,39,47,38
47,41,47,40
47,45,47,44
47,61,46,61
47,67,47,66
47,71,46,71
47,79,47,80
47,81,46,81
47,83,46,83
47,87,47,86
47,89,47,88
47,105,48,105
47,107,48,107
47,111,46,111
47,123,47,124
47,127,46,127
47,129,47,130
47,135,48,135
47,139,47,138
47,145,48,145
47,147,47,148
47,149,46,149
47,153,47,154
47,155,46,155
47,167,48,167
47,169,47,170
47,173,48,173
47,177,47,178
47,181,47,180
47,187,48,187
47,191,47,192
48,4,49,4
48,10,47,10
48,14,48,13
48,16,48,17
48,18,49,18
48,20,49,20
48,32,48,31
48,40,49,40
48,42,47,42
48,46,49,46
48,54,48,55
48,56,48,57
48,58,49,58
48,68,49,68
48,74,48,73
48,78,48,79
48,82,49,82
48,86,49,86
48,90,48,91
48,92,49,92
48,94,48,95
48,96,48,97
48,104,47,104
48,110,48,111
48,114,47,114
48,118,48,119
48,122,48,123
48,126,47,126
48,128,48,127
48,130,48,129
48,136,48,137
48,138,49,138
48,140,48,139
48,142,49,142
48,146,48,147
48,150,49,150
48,152,49,152
48,154,48,153
48,166,49,166
48,172,49,172
48,178,48,177
48,182,48,183
48,184,48,185
48,194,48,193
48,196,48,195
49,3,50,3
49,5,49,6
49,13,50,13
49,23,49,24
49,33,49,32
49,47,49,48
49,49,50,49
49,51,49,52
49,53,49,54
49,61,48,61
49,63,49,62
49,71,50,71
49,77,49,78
49,81,50,81
49,93,50,93
49,99,49,100
49,103,50,103
49,107,49,106
49,109,49,108
49,115,49,116
49,121,49,122
49,125,49,126
49,135,49,136
49,137,50,137
49,139,50,139
49,147,49,148
49,149,48,149
49,153,50,153
49,159,49,158
49,161,50,161
49,165,50,165
49,167,49,168
49,169,50,169
49,175,49,174
49,177,50,177
49,179,50,179
49,181,49,182
49,183,49,184
49,185,50,185
49,187,50,187
49,197,50,197
49,199,48,199
50,2,49,2
50,4,51,4
50,6,50,5
50,10,51,10
50,22,51,22
50,30,51,30
50,36,51,36
50,38,50,39
50,40,50,41
50,46,50,45
50,56,49,56
50,60,49,60
50,70,51,70
50,80,49,80
50,86,50,87
50,90,49,90
50,92,50,91
50,96,49,96
50,102,51,102
50,106,50,107
50,108,51,108
50,114,49,114
50,116,51,116
50,120,50,121
50,122,51,122
50,136,50,135
50,140,50,141
50,146,49,146
50,150,50,151
50,156,51,156
50,162,51,162
50,166,50,167
50,170,51,170
50,172,51,172
50,180,51,180
50,188,50,189
50,198,50,199
51,5,52,5
51,11,52,11
51,15,52,15
51,19,52,19
51,23,51,24
51,47,51,48
51,51,50,51
51,53,51,52
51,55,51,54
51,59,51,58
51,61,51,60
51,65,51,66
51,67,51,68
51,75,50,75
51,79,52,79
51,89,51,90
51,93,52,93
51,95,50,95
51,97,50,97
51,101,51,100
51,111,51,112
51,113,52,113
51,115,51,114
51,119,50,119
51,121,51,120
51,125,52,125
51,137,51,138
51,139,51,140
51,145,51,146
51,147,50,147
51,153,52,153
51,155,52,155
51,157,52,157
51,161,52,161
51,165,51,166
51,179,52,179
51,187,51,188
51,197,52,197
52,12,52,13
52,20,53,20
52,30,53,30
52,32,52,33
52,34,52,35
52,42,53,42
52,50,52,49
52,56,51,56
52,60,52,59
52,62,53,62
52,64,52,65
52,80,52,81
52,90,52,89
52,98,51,98
52,102,52,101
52,112,53,112
52,122,53,122
52,124,53,124
52,130,53,130
52,140,52,141
52,144,53,144
52,148,51,148
52,162,53,162
52,170,52,169
52,172,52,171
52,178,52,177
52,184,53,184
52,186,53,186
52,188,52,189
53,7,54,7
53,11,53,12
53,17,53,16
53,27,53,26
53,29,53,28
53,33,54,33
53,35,54,35
53,37,52,37
53,39,53,38
53,51,54,51
53,57,52,57
53,59,53,58
53,63,53,64
53,67,54,67
53,71,54,71
53,73,54,73
53,75,53,76
53,79,53,80
53,83,53,84
53,85,53,86
53,87,53,88
53,91,52,91
53,97,54,97
53,99,53,98
53,103,53,102
53,105,54,105
53,113,54,113
53,117,53,116
53,121,54,121
53,129,52,129
53,131,54,131
53,137,53,138
53,147,52,147
53,149,52,149
53,155,53,156
53,159,54,159
53,169,53,170
53,173,53,174
53,179,53,180
53,181,53,182
53,185,54,185
53,191,53,192
53,193,52,193
53,199,54,199
54,0,54,1
54,2,55,2
54,12,55,12
54,14,55,14
54,18,54,19
54,28,54,27
54,34,55,34
54,40,54,39
54,44,54,45
54,46,54,47
54,50,55,50
54,52,55,52
54,54,54,55
54,56,53,56
54,58,54,57
54,62,54,63
54,66,54,65
54,68,54,69
54,80,54,79
54,84,55,84
54,86,54,85
54,88,54,89
54,92,53,92
54,96,55,96
54,100,54,99
54,108,55,108
54,114,54,115
54,124,54,125
54,130,55,130
54,134,55,134
54,136,54,137
54,138,54,139
54,140,54,141
54,144,54,145
54,146,54,147
54,150,54,151
54,158,54,157
54,160,54,161
54,168,55,168
54,170,55,170
54,174,54,175
54,176,53,176
54,182,54,183
54,184,55,184
54,186,54,187
54,188,55,188
55,3,56,3
55,5,55,6
55,7,55,8
55,9,55,10
55,17,55,16
55,29,54,29
55,31,55,32
55,35,55,36
55,39,56,39
55,43,55,44
55,47,55,46
55,59,56,59
55,63,55,64
55,65,56,65
55,67,55,68
55,71,55,70
55,79,55,78
55,81,54,81
55,89,55,90
55,93,56,93
55,97,55,98
55,101,54,101
55,105,55,106
55,107,56,107
55,109,55,110
55,117,54,117
55,119,55,120
55,125,56,125
55,127,55,128
55,133,56,133
55,137,55,138
55,139,55,140
55,141,56,141
55,145,55,146
55,147,55,148
55,149,55,150
55,161,56,161
55,165,56,165
55,171,55,172
55,175,55,176
55,179,55,178
55,187,55,186
55,189,56,189
55,193,55,194
55,195,54,195
56,6,56,7
56,8,56,9
56,12,56,13
56,16,56,15
56,22,55,22
56,24,56,25
56,28,56,27
56,38,56,37
56,42,56,41
56,44,57,44
56,50,57,50
56,52,56,53
56,54,55,54
56,56,55,56
56,58,55,58
56,60,57,60
56,62,55,62
56,64,56,63
56,66,56,67
56,74,56,73
56,76,56,75
56,80,57,80
56,82,56,81
56,84,57,84
56,86,56,85
56,88,56,89
56,92,55,92
56,94,57,94
56,98,57,98
56,100,55,100
56,102,57,102
56,104,56,105
56,110,56,109
56,112,57,112
56,114,55,114
56,116,55,116
56,122,56,123
56,124,57,124
56,128,56,127
56,136,56,137
56,142,57,142
56,150,57,150
56,154,56,155
56,156,57,156
56,158,57,158
56,160,57,160
56,164,57,164
56,168,57,168
56,170,56,169
56,178,56,177
56,184,56,185
56,188,56,187
56,192,57,192
56,196,56,197
56,198,57,198
57,1,58,1
57,5,57,6
57,7,57,8
57,9,57,10
57,11,56,11
57,15,58,15
57,17,56,17
57,19,56,19
57,23,57,22
57,27,58,27
57,31,57,32
57,33,58,33
57,39,57,38
57,43,57,42
57,47,56,47
57,53,58,53
57,55,56,55
57,61,58,61
57,71,56,71
57,73,57,74
57,85,58,85
57,89,58,89
57,91,58,91
57,93,58,93
57,95,57,96
57,97,58,97
57,107,58,107
57,111,56,111
57,121,56,121
57,127,57,126
57,129,58,129
57,137,57,138
57,139,56,139
57,143,57,144
57,149,58,149
57,153,57,152
57,155,58,155
57,163,57,162
57,165,58,165
57,171,57,170
57,175,58,175
57,177,57,176
57,179,56,179
57,181,58,181
57,189,57,188
57,191,56,191
57,199,58,199
58,6,58,7
58,10,59,10
58,12,57,12
58,14,59,14
58,18,58,17
58,20,59,20
58,24,58,25
58,26,57,26
58,28,58,29
58,30,57,30
58,32,58,31
58,42,58,41
58,44,59,44
58,48,57,48
58,50,59,50
58,54,58,55
58,70,58,69
58,72,59,72
58,80,58,81
58,84,58,83
58,88,58,87
58,90,59,90
58,92,57,92
58,96,59,96
58,106,59,106
58,108,58,109
58,110,58,111
58,112,59,112
58,114,58,115
58,120,59,120
58,132,58,133
58,136,58,137
58,138,59,138
58,140,58,139
58,144,59,144
58,148,59,148
58,150,59,150
58,154,59,154
58,160,59,160
58,162,58,161
58,164,59,164
58,166,59,166
58,172,57,172
58,174,58,173
58,178,58,179
58,186,57,186
58,192,58,193
59,3,60,3
59,5,59,6
59,13,60,13
59,15,60,15
59,19,58,19
59,23,60,23
59,37,60,37
59,39,58,39
59,41,59,40
59,43,58,43
59,45,59,46
59,47,59,48
59,61,59,62
59,63,58,63
59,69,60,69
59,77,59,78
59,79,59,80
59,87,60,87
59,93,59,92
59,95,60,95
59,115,59,114
59,117,59,118
59,119,60,119
59,121,58,121
59,123,59,124
59,127,59,126
59,131,58,131
59,135,59,136
59,141,59,142
59,147,59,146
59,165,60,165
59,169,59,170
59,173,59,172
59,177,59,178
59,179,60,179
59,185,60,185
59,197,60,197
60,0,61,0
60,2,60,1
60,8,60,9
60,10,61,10
60,12,61,12
60,16,60,17
60,22,61,22
60,24,60,25
60,34,60,35
60,40,61,40
60,46,60,47
60,52,61,52
60,58,60,59
60,62,60,61
60,76,60,75
60,88,60,89
60,100,59,100
60,102,60,101
60,104,60,103
60,114,61,114
60,120,60,121
60,122,60,123
60,132,61,132
60,136,60,137
60,140,59,140
60,148,60,149
60,150,61,150
60,152,61,152
60,154,60,155
60,156,59,156
60,174,60,175
60,182,60,183
60,186,60,187
60,194,60,195
60,198,60,199
61,5,62,5
61,15,61,16
61,23,61,24
61,31,62,31
61,33,61,34
61,37,61,36
61,39,60,39
61,43,61,42
61,45,60,45
61,47,61,48
61,49,60,49
61,51,62,51
61,57,61,58
61,59,61,60
61,65,61,66
61,67,60,67
61,73,62,73
61,85,62,85
61,89,61,90
61,95,62,95
61,97,60,97
61,101,61,100
61,105,62,105
61,107,62,107
61,109,61,110
61,113,62,113
61,119,62,119
61,121,61,122
61,125,61,124
61,127,61,128
61,143,60,143
61,149,61,148
61,151,62,151
61,153,62,153
61,159,60,159
61,161,60,161
61,165,61,164
61,167,61,168
61,171,60,171
61,173,61,174
61,175,61,176
61,177,60,177
61,181,60,181
61,183,61,184
61,191,61,190
61,195,61,194
61,199,61,198
62,0,62,1
62,8,63,8
62,16,62,17
62,26,62,27
62,30,61,30
62,38,63,38
62,40,62,39
62,46,62,47
62,58,62,57
62,62,63,62
62,64,62,65
62,68,61,68
62,74,63,74
62,78,62,79
62,82,62,83
62,86,63,86
62,100,63,100
62,102,61,102
62,104,61,104
62,106,63,106
62,116,62,117
62,118,61,118
62,124,63,124
62,130,63,130
62,134,62,135
62,136,61,136
62,140,61,140
62,142,61,142
62,146,63,146
62,150,62,149
62,156,62,157
62,158,61,158
62,162,62,163
62,164,63,164
62,172,62,171
62,174,62,173
62,180,63,180
62,186,62,187
62,188,61,188
62,190,62,189
63,3,63,4
63,5,64,5
63,15,63,16
63,29,62,29
63,33,64,33
63,39,64,39
63,41,62,41
63,43,63,44
63,45,62,45
63,47,63,48
63,55,63,56
63,57,64,57
63,59,62,59
63,61,62,61
63,67,62,67
63,69,62,69
63,75,64,75
63,81,63,82
63,95,63,96
63,99,64,99
63,109,64,109
63,119,64,119
63,125,64,125
63,127,63,128
63,129,62,129
63,135,64,135
63,139,62,139
63,141,62,141
63,147,63,148
63,151,63,152
63,157,63,158
63,159,62,159
63,161,63,160
63,169,62,169
63,171,63,170
63,173,63,172
63,185,62,185
63,189,63,188
63,191,62,191
63,193,64,193
63,199,62,199
64,12,64,11
64,14,64,13
64,32,63,32
64,42,64,41
64,44,64,43
64,46,64,45
64,52,63,52
64,58,65,58
64,68,64,67
64,70,64,69
64,72,64,71
64,74,65,74
64,78,63,78
64,80,63,80
64,84,64,85
64,90,64,91
64,92,64,93
64,96,64,97
64,108,63,108
64,116,63,116
64,126,65,126
64,138,63,138
64,140,63,140
64,142,64,141
64,144,64,145
64,152,65,152
64,158,65,158
64,162,64,163
64,168,64,169
64,170,65,170
64,182,64,181
64,184,64,185
64,192,63,192
64,194,65,194
65,3,64,3
65,5,65,6
65,11,65,12
65,17,65,18
65,29,65,28
65,31,66,31
65,37,66,37
65,47,65,48
65,55,64,55
65,59,66,59
65,61,65,62
65,63,65,64
65,65,65,66
65,69,65,70
65,71,66,71
65,79,64,79
65,87,65,88
65,89,65,90
65,97,65,98
65,105,65,104
65,107,64,107
65,109,65,110
65,111,65,112
65,121,65,120
65,129,65,130
65,131,65,132
65,141,66,141
65,143,65,144
65,145,65,146
65,151,66,151
65,155,66,155
65,157,66,157
65,161,65,162
65,163,66,163
65,165,66,165
65,171,66,171
65,179,65,180
65,183,65,182
65,189,64,189
65,191,65,190
65,197,65,198
66,4,66,5
66,14,65,14
66,24,67,24
66,26,66,25
66,28,66,27
66,30,67,30
66,32,65,32
66,34,67,34
66,38,66,39
66,42,66,43
66,62,67,62
66,64,66,63
66,66,66,65
66,68,65,68
66,74,66,73
66,78,65,78
66,80,66,81
66,90,66,89
66,96,66,95
66,100,65,100
66,106,67,106
66,108,66,107
66,114,65,114
66,122,66,123
66,126,67,126
66,128,65,128
66,130,67,130
66,136,66,135
66,150,67,150
66,152,66,153
66,160,66,161
66,162,67,162
66,168,67,168
66,172,66,173
66,178,66,177
66,192,67,192
66,196,66,197
66,198,66,199
67,3,67,4
67,7,67,8
67,15,66,15
67,21,68,21
67,37,68,37
67,49,67,50
67,59,67,58
67,61,68,61
67,65,68,65
67,69,66,69
67,71,67,70
67,77,68,77
67,85,68,85
67,87,66,87
67,93,66,93
67,97,66,97
67,99,68,99
67,101,68,101
67,113,67,112
67,117,68,117
67,123,67,124
67,127,67,128
67,131,67,132
67,137,67,138
67,139,66,139
67,141,68,141
67,147,67,148
67,151,67,152
67,159,67,160
67,165,68,165
67,171,68,171
67,177,68,177
67,181,67,180
67,183,68,183
67,185,67,186
67,187,66,187
67,191,66,191
67,195,67,196
67,199,67,198
68,4,69,4
68,6,68,5
68,8,68,7
68,10,68,9
68,12,68,13
68,22,68,23
68,30,69,30
68,32,68,33
68,36,69,36
68,44,68,45
68,46,69,46
68,48,68,47
68,50,68,49
68,52,68,53
68,56,68,57
68,58,69,58
68,60,69,60
68,64,69,64
68,66,69,66
68,70,69,70
68,74,68,73
68,76,69,76
68,78,69,78
68,84,69,84
68,86,69,86
68,88,68,87
68,90,68,91
68,96,67,96
68,104,67,104
68,108,69,108
68,112,69,112
68,116,69,116
68,124,69,124
68,126,69,126
68,136,67,136
68,140,69,140
68,142,68,143
68,148,68,149
68,150,68,151
68,158,69,158
68,160,69,160
68,162,69,162
68,170,69,170
68,176,69,176
68,182,68,181
68,184,69,184
68,186,68,187
68,196,68,197
69,7,69,6
69,9,70,9
69,21,70,21
69,23,69,24
69,33,69,32
69,37,69,38
69,39,70,39
69,43,69,42
69,51,69,52
69,55,69,56
69,57,70,57
69,61,69,62
69,77,70,77
69,93,70,93
69,95,68,95
69,99,70,99
69,109,70,109
69,113,70,113
69,133,69,132
69,137,70,137
69,139,70,139
69,141,69,142
69,147,69,148
69,149,70,149
69,151,70,151
69,157,68,157
69,159,70,159
69,179,68,179
69,181,70,181
69,183,69,182
69,187,69,188
69,191,69,192
70,0,69,0
70,2,71,2
70,6,71,6
70,8,70,7
70,14,70,15
70,18,70,17
70,20,70,19
70,22,70,23
70,24,70,25
70,30,71,30
70,34,69,34
70,36,70,35
70,42,70,41
70,44,69,44
70,46,71,46
70,48,70,47
70,52,70,51
70,54,70,55
70,56,71,56
70,58,70,59
70,72,71,72
70,74,69,74
70,76,71,76
70,78,70,79
70,96,69,96
70,112,71,112
70,118,70,119
70,120,69,120
70,130,70,131
70,132,71,132
70,140,70,141
70,144,69,144
70,148,70,147
70,158,71,158
70,162,70,161
70,170,70,169
70,180,69,180
70,182,71,182
70,184,70,183
70,188,71,188
70,190,70,191
70,194,71,194
70,196,70,195
71,9,72,9
71,17,71,18
71,19,72,19
71,37,71,38
71,39,72,39
71,43,71,44
71,49,71,48
71,57,71,58
71,73,71,74
71,81,71,82
71,85,71,86
71,89,70,89
71,93,72,93
71,95,71,96
71,97,70,97
71,101,71,102
71,113,71,114
71,117,71,116
71,119,71,120
71,123,70,123
71,127,71,128
71,129,70,129
71,131,71,130
71,135,72,135
71,137,71,138
71,141,71,142
71,145,71,146
71,151,71,152
71,155,72,155
71,165,71,166
71,175,71,176
71,181,71,180
71,183,72,183
71,185,72,185
71,189,72,189
71,191,71,190
71,193,71,192
71,197,70,197
72,2,72,3
72,4,73,4
72,10,73,10
72,12,71,12
72,20,73,20
72,22,73,22
72,28,71,28
72,40,72,41
72,46,73,46
72,50,71,50
72,52,72,53
72,54,72,55
72,62,73,62
72,64,71,64
72,74,72,75
72,84,72,85
72,86,72,87
72,90,72,89
72,92,73,92
72,96,73,96
72,98,72,97
72,104,72,103
72,106,73,106
72,108,73,108
72,110,72,109
72,112,73,112
72,118,72,119
72,120,72,121
72,122,72,123
72,124,71,124
72,132,72,131
72,134,73,134
72,140,73,140
72,144,71,144
72,152,72,151
72,162,72,163
72,164,72,165
72,168,72,167
72,170,73,170
72,176,73,176
72,178,72,179
72,182,73,182
72,192,72,193
72,196,72,195
73,3,74,3
73,7,73,6
73,13,73,12
73,17,73,18
73,23,73,24
73,33,74,33
73,39,74,39
73,43,72,43
73,49,72,49
73,51,73,52
73,53,73,54
73,59,73,58
73,63,73,64
73,73,73,72
73,75,73,74
73,87,73,88
73,91,73,90
73,97,74,97
73,99,74,99
73,119,73,120
73,131,73,130
73,139,74,139
73,145,73,146
73,147,74,147
73,153,73,152
73,161,73,162
73,163,74,163
73,165,73,166
73,173,73,174
73,177,74,177
73,179,73,178
74,2,75,2
74,14,74,15
74,20,74,21
74,26,74,27
74,28,75,28
74,34,74,35
74,36,74,37
74,50,73,50
74,54,74,55
74,56,74,57
74,60,75,60
74,88,74,89
74,92,74,91
74,94,75,94
74,96,75,96
74,106,74,105
74,110,75,110
74,116,75,116
74,130,74,129
74,132,74,131
74,134,74,135
74,136,74,137
74,138,73,138
74,140,74,141
74,146,74,145
74,154,74,153
74,158,74,159
74,162,75,162
74,172,75,172
74,174,74,175
74,176,75,176
74,180,74,179
74,182,75,182
74,186,75,186
74,192,74,191
74,194,73,194
74,198,75,198
75,3,75,4
75,5,74,5
75,7,75,8
75,15,76,15
75,29,76,29
75,31,74,31
75,35,75,36
75,39,75,38
75,43,75,44
75,51,75,50
75,57,75,58
75,65,76,65
75,71,75,72
75,75,75,76
75,77,74,77
75,85,75,86
75,87,75,88
75,99,76,99
75,103,76,103
75,107,75,108
75,111,76,111
75,113,75,114
75,115,76,115
75,119,75,120
75,121,74,121
75,127,75,128
75,151,74,151
75,155,76,155
75,159,75,160
75,167,76,167
75,177,75,178
75,185,74,185
75,189,74,189
75,191,75,190
75,193,75,192
75,195,76,195
76,4,76,5
76,6,76,7
76,10,75,10
76,18,77,18
76,30,76,31
76,32,75,32
76,42,77,42
76,52,76,51
76,56,77,56
76,62,77,62
76,64,77,64
76,68,75,68
76,76,76,75
76,82,77,82
76,90,76,89
76,96,77,96
76,102,77,102
76,118,77,118
76,120,76,119
76,122,75,122
76,124,76,125
76,132,76,133
76,136,76,137
76,138,76,139
76,146,76,145
76,148,77,148
76,150,76,151
76,152,76,153
76,154,75,154
76,156,76,157
76,160,76,161
76,166,75,166
76,180,77,180
76,182,77,182
76,184,76,185
76,188,76,189
76,192,76,191
77,7,77,8
77,13,77,12
77,15,78,15
77,25,77,26
77,27,77,28
77,31,77,30
77,33,76,33
77,35,77,36
77,39,77,40
77,41,78,41
77,51,77,50
77,57,77,58
77,59,76,59
77,65,77,66
77,81,76,81
77,83,78,83
77,91,77,90
77,99,77,100
77,109,77,110
77,113,77,114
77,115,77,116
77,123,77,124
77,125,77,126
77,127,77,128
77,133,77,134
77,143,76,143
77,145,77,144
77,147,77,146
77,153,78,153
77,155,78,155
77,159,76,159
77,163,78,163
77,165,76,165
77,171,77,172
77,179,76,179
77,187,77,186
77,191,78,191
77,193,77,192
77,197,77,196
77,199,78,199
78,2,78,1
78,10,78,11
78,14,79,14
78,16,79,16
78,22,78,23
78,24,77,24
78,28,78,29
78,32,78,31
78,42,78,43
78,52,78,53
78,58,78,57
78,62,78,61
78,64,78,63
78,68,78,69
78,72,78,73
78,80,77,80
78,84,78,85
78,86,78,87
78,88,77,88
78,90,79,90
78,92,78,93
78,96,78,97
78,100,79,100
78,114,79,114
78,118,79,118
78,120,78,121
78,126,78,125
78,130,78,131
78,134,78,135
78,140,78,141
78,142,77,142
78,144,78,143
78,146,79,146
78,152,79,152
78,158,79,158
78,166,78,167
78,168,78,169
78,172,78,173
78,174,79,174
78,178,77,178
78,182,79,182
78,188,79,188
78,194,78,195
78,198,79,198
79,1,80,1
79,3,80,3
79,9,79,10
79,11,80,11
79,27,78,27
79,29,80,29
79,37,79,38
79,49,79,50
79,51,79,52
79,55,78,55
79,57,79,56
79,59,78,59
79,65,78,65
79,69,79,70
79,75,79,74
79,79,79,80
79,81,79,82
79,91,79,92
79,95,79,94
79,99,80,99
79,103,79,104
79,107,79,106
79,109,80,109
79,115,80,115
79,117,80,117
79,119,79,120
79,127,78,127
79,129,79,128
79,133,78,133
79,135,79,136
79,139,80,139
79,145,79,144
79,149,79,150
79,151,80,151
79,155,80,155
79,163,80,163
79,171,79,172
79,173,80,173
79,183,79,184
79,187,80,187
80,0,81,0
80,4,80,5
80,8,79,8
80,10,81,10
80,18,80,19
80,20,80,21
80,22,81,22
80,24,79,24
80,28,80,27
80,50,80,51
80,58,79,58
80,60,81,60
80,62,80,63
80,66,81,66
80,72,79,72
80,78,80,79
80,80,80,81
80,92,80,93
80,96,80,95
80,98,79,98
80,104,80,103
80,106,81,106
80,110,80,111
80,112,80,113
80,116,81,116
80,118,80,119
80,120,80,121
80,124,79,124
80,126,80,125
80,128,81,128
80,134,79,134
80,138,81,138
80,140,80,141
80,142,81,142
80,146,81,146
80,148,80,149
80,160,80,159
80,164,80,165
80,166,80,167
80,168,80,169
80,170,79,170
80,174,81,174
80,182,80,181
80,186,81,186
80,196,81,196
81,3,81,2
81,5,81,6
81,7,82,7
81,17,81,18
81,23,82,23
81,35,81,36
81,39,82,39
81,41,82,41
81,43,81,44
81,49,81,50
81,53,82,53
81,55,81,56
81,59,82,59
81,73,82,73
81,81,81,82
81,83,82,83
81,87,82,87
81,89,81,90
81,93,82,93
81,109,81,110
81,113,81,112
81,115,81,114
81,119,81,118
81,123,81,122
81,125,81,124
81,127,81,126
81,141,82,141
81,143,82,143
81,145,82,145
81,147,81,148
81,149,82,149
81,151,81,152
81,157,82,157
81,161,81,162
81,165,81,164
81,167,81,166
81,171,81,170
81,175,81,176
81,185,82,185
81,193,81,194
81,199,81,198
82,2,83,2
82,20,82,21
82,24,82,25
82,28,81,28
82,32,83,32
82,46,83,46
82,54,82,55
82,58,82,57
82,60,83,60
82,64,82,65
82,70,82,71
82,74,83,74
82,76,83,76
82,78,83,78
82,84,83,84
82,88,82,89
82,92,82,91
82,102,83,102
82,110,82,111
82,114,83,114
82,134,82,135
82,146,82,147
82,148,83,148
82,152,82,153
82,154,83,154
82,158,83,158
82,160,82,159
82,162,82,163
82,166,82,165
82,168,81,168
82,174,82,175
82,178,82,177
82,182,83,182
82,186,82,187
82,190,83,190
82,192,82,193
82,196,83,196
83,1,82,1
83,7,84,7
83,13,83,12
83,25,84,25
83,27,84,27
83,35,83,36
83,41,83,42
83,43,83,44
83,51,82,51
83,55,84,55
83,57,83,56
83,59,84,59
83,63,82,63
83,67,84,67
83,83,83,82
83,85,84,85
83,87,83,88
83,95,82,95
83,105,84,105
83,107,83,108
83,111,84,111
83,113,84,113
83,133,84,133
83,135,83,136
83,151,83,152
83,155,84,155
83,161,82,161
83,163,83,162
83,167,83,166
83,169,84,169
83,173,83,174
83,179,83,178
83,181,83,180
83,183,83,184
83,185,83,186
83,191,84,191
83,199,82,199
84,0,85,0
84,4,85,4
84,6,83,6
84,8,84,9
84,10,84,11
84,18,84,19
84,20,83,20
84,24,83,24
84,28,84,29
84,36,84,37
84,38,83,38
84,52,84,51
84,64,84,63
84,66,83,66
84,74,85,74
84,92,84,93
84,94,84,95
84,96,83,96
84,98,85,98
84,102,84,101
84,112,85,112
84,118,84,119
84,122,83,122
84,124,83,124
84,132,83,132
84,140,85,140
84,148,84,149
84,150,84,151
84,154,85,154
84,158,84,157
84,160,84,161
84,162,85,162
84,164,84,165
84,168,85,168
84,170,84,171
84,174,84,175
84,180,85,180
84,182,84,181
84,184,84,183
84,190,85,190
85,1,85,2
85,17,84,17
85,19,85,20
85,23,84,23
85,25,85,26
85,47,85,48
85,49,85,50
85,53,84,53
85,55,85,54
85,59,86,59
85,61,86,61
85,65,85,64
85,73,86,73
85,81,85,82
85,89,84,89
85,93,85,94
85,97,86,97
85,101,85,100
85,105,85,106
85,113,85,114
85,117,85,118
85,119,85,120
85,129,85,128
85,137,85,136
85,143,85,144
85,151,85,152
85,153,84,153
85,159,85,158
85,163,86,163
85,177,86,177
85,179,84,179
85,181,85,182
85,187,85,188
85,191,86,191
85,193,86,193
85,195,86,195
85,199,85,198
86,6,86,7
86,8,87,8
86,14,86,13
86,18,86,19
86,24,86,25
86,26,86,27
86,38,85,38
86,42,86,43
86,46,86,47
86,52,86,53
86,56,85,56
86,64,87,64
86,66,87,66
86,72,86,71
86,74,87,74
86,76,87,76
86,80,85,80
86,86,86,87
86,90,85,90
86,92,86,91
86,94,87,94
86,98,86,99
86,102,85,102
86,104,86,105
86,110,86,111
86,124,86,123
86,130,86,131
86,134,86,133
86,152,86,153
86,158,86,157
86,162,87,162
86,168,86,169
86,170,85,170
86,174,87,174
86,178,86,179
86,180,86,181
86,182,86,183
86,194,87,194
87,3,87,4
87,9,87,10
87,11,87,12
87,13,88,13
87,15,87,14
87,19,87,20
87,25,87,26
87,29,87,28
87,31,88,31
87,33,87,34
87,39,88,39
87,45,87,46
87,47,87,48
87,49,87,50
87,51,86,51
87,61,87,60
87,63,88,63
87,65,88,65
87,67,87,68
87,69,86,69
87,73,88,73
87,81,87,82
87,93,88,93
87,97,88,97
87,99,87,100
87,103,86,103
87,105,87,106
87,119,87,120
87,121,87,122
87,131,88,131
87,139,88,139
87,143,87,142
87,149,87,148
87,153,87,154
87,159,88,159
87,161,88,161
87,163,87,164
87,167,87,168
87,177,88,177
87,185,87,186
87,189,88,189
87,197,86,197
87,199,87,198
88,0,88,1
88,2,89,2
88,6,88,5
88,8,88,7
88,12,89,12
88,16,88,17
88,18,87,18
88,20,88,21
88,22,88,23
88,24,89,24
88,28,89,28
88,32,89,32
88,34,88,35
88,40,88,41
88,42,87,42
88,44,88,45
88,58,88,59
88,60,89,60
88,68,88,67
88,70,89,70
88,80,88,81
88,88,88,87
88,92,89,92
88,96,88,95
88,100,88,101
88,102,87,102
88,124,88,125
88,128,87,128
88,134,87,134
88,140,89,140
88,146,88,147
88,152,89,152
88,158,89,158
88,164,89,164
88,166,88,167
88,170,89,170
88,184,88,183
88,188,89,188
88,190,88,191
88,192,87,192
88,194,88,193
88,196,89,196
88,198,89,198
89,9,89,10
89,11,88,11
89,15,88,15
89,17,89,18
89,21,89,22
89,27,89,26
89,33,89,34
89,37,89,36
89,43,88,43
89,51,88,51
89,53,88,53
89,55,89,56
89,57,88,57
89,59,89,58
89,65,89,66
89,69,90,69
89,75,89,74
89,77,89,76
89,81,89,80
89,83,89,84
89,85,88,85
89,87,89,86
89,93,90,93
89,97,89,96
89,99,89,100
89,101,90,101
89,103,90,103
89,105,88,105
89,111,89,112
89,117,89,118
89,119,88,119
89,123,89,124
89,125,90,125
89,131,89,132
89,133,88,133
89,137,90,137
89,143,88,143
89,145,89,144
89,147,89,148
89,159,89,160
89,169,90,169
89,171,90,171
89,175,89,176
89,181,88,181
89,185,89,184
89,189,89,190
89,199,90,199
90,4,89,4
90,6,89,6
90,8,90,9
90,10,90,11
90,12,91,12
90,22,90,23
90,28,91,28
90,42,90,41
90,44,90,43
90,48,89,48
90,50,90,49
90,52,90,51
90,54,91,54
90,58,90,57
90,60,90,61
90,64,89,64
90,72,89,72
90,74,90,73
90,78,90,79
90,82,91,82
90,84,90,85
90,86,91,86
90,88,91,88
90,90,90,91
90,92,91,92
90,96,90,95
90,98,90,99
90,102,91,102
90,110,90,111
90,116,90,117
90,124,91,124
90,132,90,131
90,134,90,135
90,140,91,140
90,144,91,144
90,146,90,147
90,148,90,149
90,152,90,153
90,154,90,155
90,156,89,156
90,160,90,159
90,166,90,167
90,170,91,170
90,174,89,174
90,176,90,175
90,182,90,181
90,186,91,186
90,190,90,191
90,194,91,194
91,3,92,3
91,5,92,5
91,13,91,14
91,15,91,16
91,21,92,21
91,31,91,30
91,33,91,34
91,35,91,36
91,43,91,42
91,45,91,46
91,49,91,48
91,51,92,51
91,53,92,53
91,55,91,56
91,57,92,57
91,59,91,58
91,63,92,63
91,65,91,64
91,73,92,73
91,75,91,74
91,79,91,78
91,85,91,84
91,89,92,89
91,91,92,91
91,93,92,93
91,103,91,104
91,105,92,105
91,109,91,110
91,115,91,116
91,119,92,119
91,123,92,123
91,135,91,134
91,143,92,143
91,147,92,147
91,149,92,149
91,151,91,152
91,153,91,154
91,155,91,156
91,157,91,158
91,159,92,159
91,165,91,164
91,171,92,171
91,191,91,192
91,193,92,193
91,195,91,196
91,199,92,199
92,0,93,0
92,6,93,6
92,12,92,13
92,14,92,15
92,16,93,16
92,28,92,29
92,38,92,39
92,44,92,43
92,54,92,55
92,58,93,58
92,60,92,61
92,64,93,64
92,66,92,65
92,76,93,76
92,82,92,83
92,84,93,84
92,86,93,86
92,94,92,95
92,96,93,96
92,98,91,98
92,100,92,101
92,102,93,102
92,112,92,113
92,114,91,114
92,126,92,125
92,134,93,134
92,136,92,135
92,146,92,145
92,154,92,155
92,158,92,157
92,160,92,161
92,162,93,162
92,166,92,165
92,170,93,170
92,178,91,178
92,188,92,187
92,190,92,191
92,192,93,192
92,198,93,198
93,7,94,7
93,11,94,11
93,19,93,18
93,25,93,24
93,27,93,28
93,37,93,36
93,45,93,46
93,53,93,54
93,63,93,62
93,67,93,68
93,69,92,69
93,71,93,72
93,79,94,79
93,81,93,82
93,89,93,90
93,91,93,92
93,97,93,98
93,99,92,99
93,101,93,100
93,119,94,119
93,127,93,128
93,129,92,129
93,133,94,133
93,139,93,138
93,145,93,144
93,151,92,151
93,155,93,156
93,165,94,165
93,173,94,173
93,177,94,177
93,187,93,186
93,191,94,191
93,193,93,194
94,2,94,3
94,4,93,4
94,6,94,5
94,8,94,9
94,12,94,13
94,14,94,15
94,16,95,16
94,18,94,17
94,20,94,21
94,30,94,29
94,40,93,40
94,44,94,45
94,64,94,65
94,66,95,66
94,68,94,69
94,74,93,74
94,76,94,75
94,80,94,81
94,106,94,105
94,112,95,112
94,114,95,114
94,126,93,126
94,130,94,129
94,140,93,140
94,142,93,142
94,144,94,143
94,146,95,146
94,152,94,151
94,164,95,164
94,168,94,169
94,172,95,172
94,174,95,174
94,184,94,185
94,196,94,195
94,198,95,198
95,5,95,4
95,7,96,7
95,9,96,9
95,21,95,20
95,27,95,28
95,29,96,29
95,33,94,33
95,37,95,38
95,39,94,39
95,43,96,43
95,45,96,45
95,53,95,52
95,55,95,54
95,57,95,58
95,59,95,60
95,61,95,62
95,63,96,63
95,67,95,68
95,71,96,71
95,75,95,74
95,77,95,78
95,97,96,97
95,103,95,104
95,105,96,105
95,113,96,113
95,115,96,115
95,125,95,124
95,127,95,128
95,139,94,139
95,141,94,141
95,143,96,143
95,159,96,159
95,165,96,165
95,171,96,171
95,175,96,175
95,179,95,180
95,181,96,181
95,183,94,183
95,185,95,186
95,187,94,187
95,189,95,190
95,193,95,194
95,197,96,197
96,2,96,1
96,6,96,5
96,18,95,18
96,32,95,32
96,34,95,34
96,36,96,37
96,38,97,38
96,40,95,40
96,48,96,47
96,56,95,56
96,58,96,59
96,60,96,61
96,62,97,62
96,74,97,74
96,80,96,79
96,82,95,82
96,90,97,90
96,94,96,93
96,102,97,102
96,108,97,108
96,112,97,112
96,114,97,114
96,120,96,121
96,122,96,123
96,126,97,126
96,128,96,129
96,130,95,130
96,132,97,132
96,138,96,139
96,140,95,140
96,146,96,145
96,150,97,150
96,164,97,164
96,174,97,174
96,178,96,179
96,184,95,184
96,186,96,187
96,188,95,188
96,194,96,193
97,9,97,8
97,17,97,16
97,21,97,22
97,29,97,28
97,31,96,31
97,35,97,36
97,41,96,41
97,43,98,43
97,51,98,51
97,57,97,58
97,67,97,68
97,69,97,70
97,81,96,81
97,83,98,83
97,85,97,86
97,99,98,99
97,101,97,100
97,103,97,104
97,105,97,106
97,107,96,107
97,109,97,110
97,111,96,111
97,113,98,113
97,115,98,115
97,117,98,117
97,123,97,124
97,125,96,125
97,127,98,127
97,129,97,130
97,131,96,131
97,135,97,134
97,139,98,139
97,163,98,163
97,165,98,165
97,167,97,166
97,169,97,168
97,177,97,178
97,179,98,179
97,185,98,185
97,187,97,188
97,189,96,189
97,193,97,192
97,197,97,198
97,199,98,199
98,6,98,7
98,16,98,15
98,18,98,19
98,20,98,21
98,24,97,24
98,42,99,42
98,44,99,44
98,50,99,50
98,54,99,54
98,60,98,61
98,64,98,63
98,66,98,67
98,68,98,69
98,72,98,71
98,76,98,77
98,82,97,82
98,84,98,85
98,88,98,89
98,94,97,94
98,96,98,97
98,102,98,103
98,104,98,105
98,112,98,111
98,114,99,114
98,120,98,121
98,122,98,123
98,130,98,131
98,134,99,134
98,142,98,143
98,150,98,149
98,156,99,156
98,158,98,159
98,162,99,162
98,170,98,171
98,172,97,172
98,174,99,174
98,184,98,183
98,188,99,188
98,192,99,192
98,194,98,193
98,196,97,196
99,5,99,4
99,7,99,8
99,9,98,9
99,19,99,20
99,23,98,23
99,41,98,41
99,45,99,46
99,49,99,48
99,57,99,56
99,61,99,60
99,63,99,62
99,81,99,82
99,95,99,94
99,105,99,106
99,107,99,108
99,119,99,120
99,125,98,125
99,129,99,128
99,139,99,138
99,141,99,142
99,145,99,146
99,149,99,148
99,151,99,150
99,161,99,160
99,181,99,180
99,183,99,182
99,185,99,184
99,187,99,186
99,189,99,190
